<application>
  <component name="ActionsLocalSummary">
    <e n="$SelectAll">
      <i c="1" l="1652106236500" />
    </e>
    <e n="$Undo">
      <i c="1" l="1652106255850" />
    </e>
    <e n="CloseAllEditors">
      <i c="1" l="1652190730672" />
    </e>
    <e n="CloseProject">
      <i c="4" l="1652191165025" />
    </e>
    <e n="CloudConfigAction">
      <i c="1" d="1" l="1652106696527" k="1652106696527" />
    </e>
    <e n="EditCustomVmOptions">
      <i c="1" d="1" l="1652104372162" k="1652104372162" />
    </e>
    <e n="EditorBackSpace">
      <i c="16" l="1652107047359" />
    </e>
    <e n="EditorDown">
      <i c="13" l="1652106212585" />
    </e>
    <e n="EditorEnter">
      <i c="2" l="1652106209233" />
    </e>
    <e n="EditorLeft">
      <i c="4" l="1652106208948" />
    </e>
    <e n="EditorPaste">
      <i c="4" l="1652106649761" />
    </e>
    <e n="EditorRight">
      <i c="10" l="1652106208288" />
    </e>
    <e n="EditorStartNewLine">
      <i c="1" l="1652106204884" />
    </e>
    <e n="EditorUp">
      <i c="6" l="1652106213161" />
    </e>
    <e n="ExternalSystem.RunTask">
      <i c="4" l="1652104518102" />
    </e>
    <e n="InvalidateCaches">
      <i c="1" l="1652104447049" />
    </e>
    <e n="ReformatCode">
      <i c="39" l="1652108285914" />
    </e>
    <e n="RunClass">
      <i c="1" l="1652104553245" />
    </e>
    <e n="SaveAll">
      <i c="12" l="1652108810530" />
    </e>
    <e n="SearchEverywhere">
      <i c="7" l="1652108244632" />
    </e>
    <e n="SettingsEntryPoint">
      <i c="1" l="1652106397128" />
    </e>
    <e n="ShowPopupMenu">
      <i c="1" l="1652106588258" />
    </e>
    <e n="ShowReformatFileDialog">
      <i c="1" l="1652106086921" />
    </e>
    <e n="ShowSettings">
      <i c="19" l="1652191166506" />
    </e>
    <e n="Table-selectPreviousRow">
      <i c="5" l="1652106189913" />
    </e>
    <e n="Tree-selectChild">
      <i c="1" l="1652104415270" />
    </e>
    <e n="Tree-selectNext">
      <i c="7" l="1652104425107" />
    </e>
    <e n="WelcomeScreen.CreateNewProject">
      <i c="1" l="1652104257831" />
    </e>
    <e n="WelcomeScreen.ManageLicense">
      <i c="1" l="1651154306317" />
    </e>
    <e n="WelcomeScreen.OpenProject">
      <i c="3" l="1652190739034" />
    </e>
    <e n="com.intellij.cloudConfig.CloudConfigSyncPluginsSilentlyAction">
      <i c="2" l="1652107707747" />
    </e>
    <e n="com.intellij.cloudConfig.CloudConfigSyncSettingsAction">
      <i c="1" l="1652107659860" />
    </e>
    <e n="com.intellij.ide.ReopenProjectAction">
      <i c="2" l="1652107646329" />
    </e>
    <e n="com.intellij.ide.plugins.PluginManagerConfigurable$InstalledSearchOptionAction">
      <i c="1" l="1652106644541" />
    </e>
    <e n="com.intellij.notification.NotificationAction$Simple">
      <i c="3" l="1652190802314" />
    </e>
    <e n="com.intellij.openapi.actionSystem.EmptyAction$MyDelegatingAction">
      <i c="2" l="1652106599369" />
    </e>
    <e n="com.intellij.openapi.fileEditor.impl.tabActions.CloseTab">
      <i c="8" l="1652108232275" />
    </e>
    <e n="com.intellij.openapi.keymap.impl.ui.KeymapPanel$AddKeyboardShortcutAction">
      <i c="1" l="1652104304980" />
    </e>
    <e n="com.intellij.openapi.project.DumbAwareAction$SimpleDumbAwareAction">
      <i c="1" l="1652104372136" />
    </e>
    <e n="com.intellij.openapi.ui.DialogWrapper$4">
      <i c="1" l="1652106005272" />
    </e>
    <e n="com.intellij.openapi.ui.impl.DialogWrapperPeerImpl$AnCancelAction">
      <i c="3" l="1652107714596" />
    </e>
    <e n="com.intellij.openapi.vfs.encoding.ChooseFileEncodingAction$1">
      <i c="1" l="1652104350916" />
    </e>
    <e n="com.intellij.openapi.wm.impl.welcomeScreen.WelcomeScreenComponentFactory$3">
      <i c="2" l="1652106414512" />
    </e>
    <e n="com.intellij.toolWindow.ToolWindowHeader$HideAction">
      <i c="1" l="1652104570776" />
    </e>
    <e n="com.intellij.ui.CommonActionsPanel$AddButton">
      <i c="2" l="1652107183544" />
    </e>
    <e n="com.intellij.ui.CommonActionsPanel$RemoveButton">
      <i c="2" l="1652108206217" />
    </e>
    <e n="com.intellij.ui.ScrollingUtil$ListMoveDownAction">
      <i c="1" l="1652104371723" />
    </e>
  </component>
</application>