<application>
  <component name="DynamicPluginEnabler">
    <trackers>
      <map>
        <entry key="28uXiI5SoO44Ld823Yyaj5CjtoN">
          <value>
            <ProjectPluginTracker />
          </value>
        </entry>
        <entry key="28xmkkD3hjMzmX0T3JdSEsOCPTe">
          <value>
            <ProjectPluginTracker />
          </value>
        </entry>
        <entry key="Default (Template) Project">
          <value>
            <ProjectPluginTracker />
          </value>
        </entry>
      </map>
    </trackers>
  </component>
  <component name="PropertyService"><![CDATA[{
  "keyToString": {
    "CWM_LOGGING_VERSION": "1",
    "ColorChooser.RecentColors": "255-0-0-255,,,255-113-113-255,,,230-126-126-255",
    "FileTemplates.CurrentTab": "Includes",
    "FileTemplates.SelectedTemplate": "File Header",
    "InstalledPluginsSearchHistory": "settings re\nsettings\nsetting\nsettin\nsetti",
    "KEYMAP": "parameter in",
    "LayoutCode.optimizeImports": "false",
    "LayoutCode.rearrangeEntriesJava": "false",
    "NonModalCommitCustomization.IsApplied": "true",
    "PluginConfigurable.selectionTab": "1",
    "RunOnceActivity.se.text.search": "true",
    "SettingsSearchHistory": "settings repository\nplu\nappearance\nIDE Settings Sync\nc",
    "appcds.runOnSecondStart": "IU-221.5080.210-989dd9d5408c5f30c50e9f99bd5622a2c074367ae207630aefc31ef689db6a2e",
    "ask.about.ctrl.y.shortcut.v2": "true",
    "build.toolwindow.Sync.selection.state": "com.intellij.build.BuildTreeConsoleView",
    "build.toolwindow.run.selection.state": "com.intellij.build.BuildTreeConsoleView",
    "bundled.plugins.list.saved.version": "IU-221.5080.210",
    "com.intellij.ide.projectWizard.generators.JavaNewProjectWizard$Step.selectedStep": "IntelliJ",
    "com.intellij.ide.wizard.NewProjectWizardLanguageStep.selectedStep": "Java",
    "defaultJdkConfigured": "true",
    "defaultpackageserviceconfig.fulltext": "https://package-search.services.jetbrains.com/api/search/idea/fulltext",
    "defaultpackageserviceconfig.suggest": "https://package-search.services.jetbrains.com/api/search/idea/suggest",
    "defaultpackageserviceconfig.updated.ts": "1652104438564",
    "eclipse.projects.detected": "",
    "file.gist.reindex.count": "23",
    "fileTypeChangedCounter": "1",
    "got.it.tooltip.cwm.invitation.notification": "1",
    "gotit.previous.run": "IU-221.5080.210",
    "ide.memory.adjusted": "true",
    "ide.updates.whats.new.shown.for": "221",
    "ift.learning.panel.opened.in": "221.5080.210",
    "installed.kotlin.plugin.version": "221-1.6.20-release-285-IJ5080.210",
    "jdk.selected.JAVA_MODULE": "1.8",
    "last_opened_file_path": "E:/work/GitHub/HTML5/10.Spring/HelloSpringBootJsp",
    "project.wizard.group": "newWizard.com.intellij.ide.wizard.NewProjectBuilder",
    "registry.to.advanced.settings.migration.build": "IU-221.5080.210",
    "selected.color.option.type": "DEFAULT_LINE_COMMENT",
    "settings.code.style.selected.tab.JAVA": "줄 바꿈 및 괄호",
    "settings.code.style.selected.tab.JavaScript": "Wrapping and Braces",
    "tasks.pass.word.conversion.enforced": "true",
    "ts.lib.d.ts.version": "4.5.4"
  },
  "keyToStringList": {
    "file.chooser.recent.files": [
      "E:/work/GitHub/HTML5/10.Spring/HelloSpringBootJsp",
      "E:/work/GitHub/HTML5/10.Spring/setting",
      "E:/work/GitHub/HTML5/10.Spring",
      "E:/work/GitHub/HTML5/10.Spring/DesignPattern"
    ],
    "fileTypeDetectors": [
      "com.intellij.ide.scratch.ScratchFileServiceImpl$Detector",
      "com.intellij.profiler.ultimate.hprof.impl.HprofFileTypeDetector",
      "com.intellij.docker.dockerFile.DockerFileTypeDetector",
      "com.intellij.javascript.debugger.sourcemap.SourceMapFileType$MyFileTypeDetector",
      "com.intellij.database.vfs.DbStorageFileType$Detector",
      "com.jetbrains.nodejs.util.NodeFileTypeDetector$JavaScriptFileTypeDetector",
      "com.jetbrains.nodejs.util.NodeFileTypeDetector$TypeScriptFileTypeDetector",
      "com.android.tools.idea.sqlite.fileType.SqliteFileTypeDetector",
      "com.android.tools.idea.profilers.capture.MemoryCaptureFileType$Detector",
      "org.jetbrains.plugins.textmate.TextMateFileType$TextMateFileDetector"
    ]
  }
}]]></component>
</application>