<application>
  <component name="RecentProjectsManager">
    <option name="additionalInfo">
      <map>
        <entry key="E:/work/GitHub/HTML5/10.Spring/DesignPattern">
          <value>
            <RecentProjectMetaInfo frameTitle="DesignPattern" projectWorkspaceId="28uXiI5SoO44Ld823Yyaj5CjtoN">
              <option name="activationTimestamp" value="1652190716925" />
              <option name="binFolder" value="$APPLICATION_HOME_DIR$/bin" />
              <option name="build" value="IU-221.5080.210" />
              <option name="buildTimestamp" value="1649734333336" />
              <frame x="-8" y="-8" width="1936" height="1056" extendedState="6" />
              <option name="productionCode" value="IU" />
              <option name="projectOpenTimestamp" value="1652107646536" />
            </RecentProjectMetaInfo>
          </value>
        </entry>
        <entry key="E:/work/GitHub/HTML5/10.Spring/HelloSpringBootJsp">
          <value>
            <RecentProjectMetaInfo frameTitle="HelloSpringBootJsp" projectWorkspaceId="28xmkkD3hjMzmX0T3JdSEsOCPTe">
              <option name="activationTimestamp" value="1652191159982" />
              <option name="binFolder" value="$APPLICATION_HOME_DIR$/bin" />
              <option name="build" value="IU-221.5080.210" />
              <option name="buildTimestamp" value="1649734367549" />
              <frame x="-8" y="-8" width="1936" height="1056" extendedState="6" />
              <option name="productionCode" value="IU" />
              <option name="projectOpenTimestamp" value="1652190776552" />
            </RecentProjectMetaInfo>
          </value>
        </entry>
      </map>
    </option>
    <option name="groups">
      <list>
        <ProjectGroup>
          <option name="bottomGroup" value="true" />
          <option name="name" value="Eclipse Projects" />
          <option name="projects">
            <list>
              <option value="E:\work\01_HTML5\08.Java\Codeup" />
              <option value="E:\work\01_HTML5\08.Java\exercise" />
            </list>
          </option>
        </ProjectGroup>
      </list>
    </option>
  </component>
</application>