<application>
  <component name="Trusted.Paths">
    <option name="TRUSTED_PROJECT_PATHS">
      <map>
        <entry key="E:\work\GitHub\HTML5\10.Spring\DesignPattern" value="true" />
        <entry key="E:\work\GitHub\HTML5\10.Spring\HelloSpringBootJsp" value="true" />
      </map>
    </option>
  </component>
  <component name="Trusted.Paths.Settings">
    <option name="TRUSTED_PATHS">
      <list>
        <option value="E:\work\GitHub\HTML5\10.Spring" />
      </list>
    </option>
  </component>
</application>