<application>
  <component name="DimensionService">
    <size key="GridCell.Tab.0.left.0.0.1920.1080" width="1877" height="315" />
    <size key="GridCell.Tab.0.center.0.0.1920.1080" width="1877" height="315" />
    <size key="GridCell.Tab.0.right.0.0.1920.1080" width="1877" height="315" />
    <size key="GridCell.Tab.0.bottom.0.0.1920.1080" width="1877" height="315" />
  </component>
  <component name="WindowManager">
    <frame x="-8" y="-8" width="1936" height="1056" extendedState="6" />
  </component>
  <component name="WindowStateApplicationService">
    <state x="486" y="255" key="FileChooserDialogImpl" timestamp="1652190775996">
      <screen x="0" y="0" width="1920" height="1040" />
    </state>
    <state x="486" y="255" key="FileChooserDialogImpl/0.0.1920.1040/0.-1080.1920.1040" timestamp="1652190775996" />
    <state x="25" y="95" width="1802" height="898" key="SettingsEditor" timestamp="1652191511202">
      <screen x="0" y="0" width="1920" height="1040" />
    </state>
    <state x="25" y="95" width="1802" height="898" key="SettingsEditor/0.0.1920.1040/0.-1080.1920.1040" timestamp="1652191511202" />
    <state x="960" y="455" width="800" height="650" key="WELCOME_SCREEN" timestamp="1652191165842">
      <screen x="0" y="0" width="1920" height="1040" />
    </state>
    <state x="960" y="455" width="800" height="650" key="WELCOME_SCREEN/0.0.1920.1040/0.-1080.1920.1040" timestamp="1652191165842" />
    <state x="306" y="191" width="800" height="617" key="new project wizard" timestamp="1652104260854">
      <screen x="0" y="0" width="1920" height="1040" />
    </state>
    <state x="306" y="191" width="800" height="617" key="new project wizard/0.0.1920.1040/0.-1080.1920.1040" timestamp="1652104260854" />
  </component>
</application>